epoch,hit@1,hit@10,hit@20,hit@50,mrr@1,mrr@10,mrr@20,mrr@50,ndcg@1,ndcg@10,ndcg@20,ndcg@50,precision@1,precision@10,precision@20,precision@50,recall@1,recall@10,recall@20,recall@50,train_loss,valid_score
0,0.0061,0.0523,0.0929,0.1813,0.0061,0.0167,0.0194,0.0221,0.0061,0.0249,0.0349,0.0523,0.0061,0.0052,0.0046,0.0036,0.0061,0.0523,0.0929,0.1813,3567.1793,0.0249
1,0.0152,0.1179,0.1929,0.3411,0.0152,0.0394,0.0445,0.0491,0.0152,0.0575,0.0764,0.1056,0.0152,0.0118,0.0096,0.0068,0.0152,0.1179,0.1929,0.3411,3176.7224,0.0575
2,0.0224,0.1556,0.2465,0.4068,0.0224,0.0542,0.0605,0.0655,0.0224,0.0777,0.1007,0.1323,0.0224,0.0156,0.0123,0.0081,0.0224,0.1556,0.2465,0.4068,2963.7265,0.0777
3,0.027,0.1765,0.2796,0.4517,0.027,0.063,0.07,0.0754,0.027,0.0892,0.1151,0.1491,0.027,0.0176,0.014,0.009,0.027,0.1765,0.2796,0.4517,2861.3818,0.0892
4,0.029,0.1927,0.301,0.4753,0.029,0.0681,0.0756,0.0811,0.029,0.0969,0.1242,0.1588,0.029,0.0193,0.015,0.0095,0.029,0.1927,0.301,0.4753,2799.1679,0.0969
5,0.0267,0.1997,0.3131,0.4945,0.0267,0.0693,0.077,0.0829,0.0267,0.0996,0.1281,0.1641,0.0267,0.02,0.0157,0.0099,0.0267,0.1997,0.3131,0.4945,2756.0301,0.0996
6,0.0272,0.2141,0.3298,0.5022,0.0272,0.0738,0.0818,0.0873,0.0272,0.1065,0.1357,0.1699,0.0272,0.0214,0.0165,0.01,0.0272,0.2141,0.3298,0.5022,2723.7139,0.1065
7,0.0296,0.2247,0.3374,0.5094,0.0296,0.0768,0.0846,0.0901,0.0296,0.1111,0.1395,0.1737,0.0296,0.0225,0.0169,0.0102,0.0296,0.2247,0.3374,0.5094,2699.1382,0.1111
8,0.0286,0.227,0.3495,0.5177,0.0286,0.0771,0.0856,0.091,0.0286,0.1119,0.1428,0.1763,0.0286,0.0227,0.0175,0.0104,0.0286,0.227,0.3495,0.5177,2679.3435,0.1119
9,0.0339,0.2334,0.3477,0.5237,0.0339,0.0818,0.0897,0.0954,0.0339,0.1169,0.1458,0.1809,0.0339,0.0233,0.0174,0.0105,0.0339,0.2334,0.3477,0.5237,2663.1822,0.1169
10,0.0326,0.2343,0.3541,0.5305,0.0326,0.0834,0.0916,0.0972,0.0326,0.1185,0.1488,0.1838,0.0326,0.0234,0.0177,0.0106,0.0326,0.2343,0.3541,0.5305,2649.3458,0.1185
11,0.0382,0.2414,0.3584,0.5329,0.0382,0.0886,0.0966,0.1021,0.0382,0.1241,0.1535,0.1882,0.0382,0.0241,0.0179,0.0107,0.0382,0.2414,0.3584,0.5329,2636.4285,0.1241
12,0.0354,0.2469,0.3636,0.5397,0.0354,0.0888,0.0969,0.1026,0.0354,0.1256,0.1551,0.1902,0.0354,0.0247,0.0182,0.0108,0.0354,0.2469,0.3636,0.5397,2623.9119,0.1256
13,0.0382,0.2512,0.3697,0.5402,0.0382,0.0907,0.0989,0.1044,0.0382,0.128,0.1579,0.1918,0.0382,0.0251,0.0185,0.0108,0.0382,0.2512,0.3697,0.5402,2611.3301,0.128
14,0.0397,0.2563,0.372,0.547,0.0397,0.0935,0.1015,0.1071,0.0397,0.1314,0.1606,0.1955,0.0397,0.0256,0.0186,0.0109,0.0397,0.2563,0.372,0.547,2599.6207,0.1314
15,0.0425,0.2647,0.375,0.5513,0.0425,0.098,0.1056,0.1112,0.0425,0.1368,0.1646,0.1996,0.0425,0.0265,0.0187,0.011,0.0425,0.2647,0.375,0.5513,2588.9075,0.1368
16,0.0442,0.2666,0.3803,0.5495,0.0442,0.0988,0.1066,0.112,0.0442,0.1378,0.1665,0.2001,0.0442,0.0267,0.019,0.011,0.0442,0.2666,0.3803,0.5495,2578.8752,0.1378
17,0.0445,0.2679,0.3828,0.5556,0.0445,0.0994,0.1074,0.1128,0.0445,0.1385,0.1676,0.2018,0.0445,0.0268,0.0191,0.0111,0.0445,0.2679,0.3828,0.5556,2570.0405,0.1385
18,0.046,0.2705,0.3859,0.5535,0.046,0.1021,0.1101,0.1155,0.046,0.1413,0.1705,0.2038,0.046,0.0271,0.0193,0.0111,0.046,0.2705,0.3859,0.5535,2562.6106,0.1413
19,0.0452,0.2738,0.3843,0.5584,0.0452,0.1025,0.1101,0.1156,0.0452,0.1424,0.1701,0.2048,0.0452,0.0274,0.0192,0.0112,0.0452,0.2738,0.3843,0.5584,2555.7469,0.1424
20,0.0485,0.272,0.3889,0.5579,0.0485,0.1047,0.1129,0.1183,0.0485,0.1436,0.1733,0.2069,0.0485,0.0272,0.0194,0.0112,0.0485,0.272,0.3889,0.5579,2549.3858,0.1436
21,0.0512,0.278,0.393,0.5604,0.0512,0.1075,0.1154,0.1208,0.0512,0.1471,0.1761,0.2094,0.0512,0.0278,0.0197,0.0112,0.0512,0.278,0.393,0.5604,2543.894,0.1471
22,0.0483,0.2722,0.3912,0.5599,0.0483,0.1054,0.1136,0.1191,0.0483,0.1443,0.1744,0.208,0.0483,0.0272,0.0196,0.0112,0.0483,0.2722,0.3912,0.5599,2538.8222,0.1443
23,0.0492,0.2757,0.3929,0.5642,0.0492,0.1067,0.1149,0.1203,0.0492,0.1461,0.1757,0.2098,0.0492,0.0276,0.0196,0.0113,0.0492,0.2757,0.3929,0.5642,2534.2293,0.1461
24,0.0522,0.2778,0.3954,0.5657,0.0522,0.109,0.1172,0.1227,0.0522,0.1483,0.1781,0.2121,0.0522,0.0278,0.0198,0.0113,0.0522,0.2778,0.3954,0.5657,2529.2933,0.1483
25,0.0522,0.2811,0.3962,0.5626,0.0522,0.1099,0.1179,0.1233,0.0522,0.1498,0.1789,0.2121,0.0522,0.0281,0.0198,0.0113,0.0522,0.2811,0.3962,0.5626,2524.8832,0.1498
26,0.0536,0.279,0.3957,0.5642,0.0536,0.1104,0.1185,0.124,0.0536,0.1497,0.1792,0.2128,0.0536,0.0279,0.0198,0.0113,0.0536,0.279,0.3957,0.5642,2520.9151,0.1497
27,0.0515,0.2826,0.3959,0.5674,0.0515,0.1103,0.1182,0.1237,0.0515,0.1505,0.1791,0.2133,0.0515,0.0283,0.0198,0.0113,0.0515,0.2826,0.3959,0.5674,2516.3375,0.1505
28,0.0545,0.2815,0.3983,0.5639,0.0545,0.1115,0.1196,0.125,0.0545,0.151,0.1806,0.2136,0.0545,0.0281,0.0199,0.0113,0.0545,0.2815,0.3983,0.5639,2512.6237,0.151
29,0.0517,0.2839,0.3975,0.568,0.0517,0.111,0.1189,0.1245,0.0517,0.1513,0.18,0.2141,0.0517,0.0284,0.0199,0.0114,0.0517,0.2839,0.3975,0.568,2508.6736,0.1513
30,0.0538,0.2849,0.3995,0.5695,0.0538,0.1121,0.1202,0.1257,0.0538,0.1524,0.1814,0.2153,0.0538,0.0285,0.02,0.0114,0.0538,0.2849,0.3995,0.5695,2505.3422,0.1524
31,0.0556,0.2854,0.4036,0.572,0.0556,0.1141,0.1223,0.1277,0.0556,0.154,0.1839,0.2174,0.0556,0.0285,0.0202,0.0114,0.0556,0.2854,0.4036,0.572,2501.4787,0.154
32,0.0566,0.2879,0.4043,0.5714,0.0566,0.1154,0.1234,0.1288,0.0566,0.1556,0.185,0.2182,0.0566,0.0288,0.0202,0.0114,0.0566,0.2879,0.4043,0.5714,2498.1573,0.1556
33,0.0578,0.2829,0.4028,0.5679,0.0578,0.1154,0.1237,0.1291,0.0578,0.1544,0.1847,0.2177,0.0578,0.0283,0.0201,0.0114,0.0578,0.2829,0.4028,0.5679,2495.0037,0.1544
34,0.0561,0.2884,0.4053,0.5752,0.0561,0.1147,0.1228,0.1282,0.0561,0.1551,0.1846,0.2183,0.0561,0.0288,0.0203,0.0115,0.0561,0.2884,0.4053,0.5752,2491.5781,0.1551
35,0.0565,0.2853,0.407,0.5679,0.0565,0.1153,0.1237,0.1288,0.0565,0.155,0.1856,0.2176,0.0565,0.0285,0.0203,0.0114,0.0565,0.2853,0.407,0.5679,2488.8678,0.155
36,0.0578,0.2876,0.4083,0.5709,0.0578,0.1153,0.1235,0.1287,0.0578,0.1553,0.1857,0.218,0.0578,0.0288,0.0204,0.0114,0.0578,0.2876,0.4083,0.5709,2485.9948,0.1553
37,0.0589,0.2909,0.4071,0.5724,0.0589,0.117,0.125,0.1304,0.0589,0.1574,0.1868,0.2197,0.0589,0.0291,0.0204,0.0114,0.0589,0.2909,0.4071,0.5724,2483.314,0.1574
38,0.0583,0.2897,0.4056,0.571,0.0583,0.1166,0.1247,0.1301,0.0583,0.1569,0.1863,0.2193,0.0583,0.029,0.0203,0.0114,0.0583,0.2897,0.4056,0.571,2480.1954,0.1569
39,0.0565,0.2894,0.4088,0.5747,0.0565,0.1156,0.1238,0.1292,0.0565,0.1561,0.1863,0.2193,0.0565,0.0289,0.0204,0.0115,0.0565,0.2894,0.4088,0.5747,2477.9344,0.1561
40,0.0591,0.2894,0.4065,0.5715,0.0591,0.1172,0.1252,0.1306,0.0591,0.1573,0.1868,0.2198,0.0591,0.0289,0.0203,0.0114,0.0591,0.2894,0.4065,0.5715,2475.3189,0.1573
41,0.0606,0.2882,0.4073,0.5738,0.0606,0.1189,0.1272,0.1326,0.0606,0.1585,0.1885,0.2217,0.0606,0.0288,0.0204,0.0115,0.0606,0.2882,0.4073,0.5738,2472.6547,0.1585
42,0.0606,0.2917,0.4119,0.5773,0.0606,0.1187,0.127,0.1323,0.0606,0.159,0.1893,0.2222,0.0606,0.0292,0.0206,0.0115,0.0606,0.2917,0.4119,0.5773,2470.9427,0.159
43,0.0598,0.2904,0.4118,0.5752,0.0598,0.1169,0.1252,0.1305,0.0598,0.1572,0.1878,0.2203,0.0598,0.029,0.0206,0.0115,0.0598,0.2904,0.4118,0.5752,2468.0743,0.1572
44,0.0598,0.2959,0.4167,0.576,0.0598,0.1195,0.1277,0.1328,0.0598,0.1606,0.1909,0.2226,0.0598,0.0296,0.0208,0.0115,0.0598,0.2959,0.4167,0.576,2465.8764,0.1606
45,0.0581,0.2924,0.4132,0.579,0.0581,0.1181,0.1264,0.1317,0.0581,0.1588,0.1893,0.2222,0.0581,0.0292,0.0207,0.0116,0.0581,0.2924,0.4132,0.579,2463.8087,0.1588
46,0.0573,0.2925,0.4104,0.5724,0.0573,0.117,0.1252,0.1305,0.0573,0.158,0.1877,0.2201,0.0573,0.0293,0.0205,0.0114,0.0573,0.2925,0.4104,0.5724,2460.8873,0.158
47,0.0606,0.293,0.4114,0.5735,0.0606,0.1193,0.1275,0.1327,0.0606,0.1598,0.1896,0.2219,0.0606,0.0293,0.0206,0.0115,0.0606,0.293,0.4114,0.5735,2459.1289,0.1598
48,0.0637,0.2939,0.4079,0.5776,0.0637,0.1217,0.1295,0.135,0.0637,0.1618,0.1905,0.2244,0.0637,0.0294,0.0204,0.0116,0.0637,0.2939,0.4079,0.5776,2457.0608,0.1618
49,0.0637,0.2947,0.4108,0.5758,0.0637,0.1217,0.1297,0.1351,0.0637,0.162,0.1913,0.2242,0.0637,0.0295,0.0205,0.0115,0.0637,0.2947,0.4108,0.5758,2454.8791,0.162
50,0.0601,0.293,0.4099,0.5778,0.0601,0.1199,0.1279,0.1334,0.0601,0.1603,0.1898,0.2234,0.0601,0.0293,0.0205,0.0116,0.0601,0.293,0.4099,0.5778,2453.1216,0.1603
51,0.0619,0.2952,0.4127,0.5796,0.0619,0.121,0.1291,0.1345,0.0619,0.1616,0.1912,0.2244,0.0619,0.0295,0.0206,0.0116,0.0619,0.2952,0.4127,0.5796,2450.8967,0.1616
52,0.0608,0.2962,0.4118,0.5765,0.0608,0.1206,0.1283,0.1337,0.0608,0.1615,0.1904,0.2234,0.0608,0.0296,0.0206,0.0115,0.0608,0.2962,0.4118,0.5765,2448.7757,0.1615
53,0.0631,0.2937,0.4108,0.5767,0.0631,0.1218,0.1299,0.1352,0.0631,0.1619,0.1914,0.2245,0.0631,0.0294,0.0205,0.0115,0.0631,0.2937,0.4108,0.5767,2447.3541,0.1619
54,0.0591,0.296,0.4093,0.5801,0.0591,0.119,0.1268,0.1323,0.0591,0.1603,0.1888,0.2229,0.0591,0.0296,0.0205,0.0116,0.0591,0.296,0.4093,0.5801,2445.2308,0.1603
55,0.0624,0.2945,0.4142,0.5783,0.0624,0.1213,0.1295,0.1348,0.0624,0.1617,0.1919,0.2245,0.0624,0.0295,0.0207,0.0116,0.0624,0.2945,0.4142,0.5783,2443.3563,0.1617
56,0.0626,0.2964,0.4152,0.5788,0.0626,0.1223,0.1305,0.1358,0.0626,0.1629,0.1929,0.2256,0.0626,0.0296,0.0208,0.0116,0.0626,0.2964,0.4152,0.5788,2441.6482,0.1629
57,0.0616,0.296,0.4119,0.5781,0.0616,0.1217,0.1297,0.1351,0.0616,0.1624,0.1916,0.2248,0.0616,0.0296,0.0206,0.0116,0.0616,0.296,0.4119,0.5781,2440.3086,0.1624
58,0.0583,0.2947,0.4119,0.579,0.0583,0.1186,0.1267,0.132,0.0583,0.1597,0.1892,0.2225,0.0583,0.0295,0.0206,0.0116,0.0583,0.2947,0.4119,0.579,2438.3178,0.1597
59,0.0634,0.2985,0.4149,0.5808,0.0634,0.1223,0.1303,0.1357,0.0634,0.1634,0.1927,0.2258,0.0634,0.0299,0.0207,0.0116,0.0634,0.2985,0.4149,0.5808,2437.4515,0.1634
60,0.0623,0.2962,0.4129,0.5796,0.0623,0.1213,0.1292,0.1347,0.0623,0.162,0.1914,0.2247,0.0623,0.0296,0.0206,0.0116,0.0623,0.2962,0.4129,0.5796,2435.1927,0.162
61,0.0619,0.2974,0.4127,0.579,0.0619,0.1212,0.1291,0.1345,0.0619,0.1622,0.1913,0.2245,0.0619,0.0297,0.0206,0.0116,0.0619,0.2974,0.4127,0.579,2433.3428,0.1622
62,0.0631,0.2993,0.4134,0.579,0.0631,0.1235,0.1313,0.1368,0.0631,0.1645,0.1932,0.2263,0.0631,0.0299,0.0207,0.0116,0.0631,0.2993,0.4134,0.579,2431.9791,0.1645
63,0.0621,0.2972,0.4166,0.5776,0.0621,0.122,0.1303,0.1355,0.0621,0.1629,0.193,0.2252,0.0621,0.0297,0.0208,0.0116,0.0621,0.2972,0.4166,0.5776,2429.941,0.1629
64,0.0649,0.3003,0.4161,0.5781,0.0649,0.1251,0.133,0.1383,0.0649,0.166,0.1951,0.2275,0.0649,0.03,0.0208,0.0116,0.0649,0.3003,0.4161,0.5781,2428.9895,0.166
65,0.0634,0.2969,0.4159,0.5798,0.0634,0.1229,0.1312,0.1365,0.0634,0.1635,0.1935,0.2262,0.0634,0.0297,0.0208,0.0116,0.0634,0.2969,0.4159,0.5798,2427.4302,0.1635
66,0.0642,0.2972,0.4179,0.5805,0.0642,0.1235,0.1319,0.1371,0.0642,0.1641,0.1945,0.2269,0.0642,0.0297,0.0209,0.0116,0.0642,0.2972,0.4179,0.5805,2426.0462,0.1641
67,0.0657,0.2969,0.4108,0.5781,0.0657,0.1242,0.1322,0.1376,0.0657,0.1645,0.1933,0.2267,0.0657,0.0297,0.0205,0.0116,0.0657,0.2969,0.4108,0.5781,2424.5336,0.1645
68,0.0641,0.2932,0.4171,0.5786,0.0641,0.1227,0.1311,0.1364,0.0641,0.1625,0.1937,0.2259,0.0641,0.0293,0.0209,0.0116,0.0641,0.2932,0.4171,0.5786,2422.7334,0.1625
69,0.0644,0.2998,0.4124,0.5773,0.0644,0.1246,0.1323,0.1377,0.0644,0.1655,0.1939,0.2268,0.0644,0.03,0.0206,0.0115,0.0644,0.2998,0.4124,0.5773,2421.5172,0.1655
70,0.0682,0.2959,0.4167,0.5791,0.0682,0.1258,0.1341,0.1395,0.0682,0.1655,0.1959,0.2284,0.0682,0.0296,0.0208,0.0116,0.0682,0.2959,0.4167,0.5791,2419.7192,0.1655
71,0.0674,0.298,0.4214,0.582,0.0674,0.1261,0.1346,0.1397,0.0674,0.1662,0.1973,0.2293,0.0674,0.0298,0.0211,0.0116,0.0674,0.298,0.4214,0.582,2418.9665,0.1662
72,0.0646,0.2987,0.4136,0.5773,0.0646,0.1248,0.1327,0.1381,0.0646,0.1653,0.1943,0.2271,0.0646,0.0299,0.0207,0.0115,0.0646,0.2987,0.4136,0.5773,2417.6319,0.1653
73,0.0659,0.3015,0.4152,0.5781,0.0659,0.1256,0.1335,0.1388,0.0659,0.1666,0.1953,0.2279,0.0659,0.0301,0.0208,0.0116,0.0659,0.3015,0.4152,0.5781,2416.1512,0.1666
74,0.0651,0.2987,0.4179,0.5803,0.0651,0.1252,0.1334,0.1386,0.0651,0.1657,0.1957,0.2281,0.0651,0.0299,0.0209,0.0116,0.0651,0.2987,0.4179,0.5803,2414.9822,0.1657
75,0.0674,0.2985,0.4175,0.5795,0.0674,0.1252,0.1334,0.1387,0.0674,0.1656,0.1957,0.228,0.0674,0.0299,0.0209,0.0116,0.0674,0.2985,0.4175,0.5795,2413.678,0.1656
76,0.0667,0.3003,0.4204,0.5811,0.0667,0.1265,0.1346,0.1398,0.0667,0.167,0.1972,0.2292,0.0667,0.03,0.021,0.0116,0.0667,0.3003,0.4204,0.5811,2412.9212,0.167
77,0.069,0.2974,0.4194,0.5815,0.069,0.1268,0.1352,0.1405,0.069,0.1666,0.1974,0.2297,0.069,0.0297,0.021,0.0116,0.069,0.2974,0.4194,0.5815,2410.9299,0.1666
78,0.0649,0.3015,0.4141,0.5791,0.0649,0.125,0.1327,0.1381,0.0649,0.1661,0.1945,0.2275,0.0649,0.0301,0.0207,0.0116,0.0649,0.3015,0.4141,0.5791,2409.7859,0.1661
79,0.068,0.2977,0.4194,0.5823,0.068,0.1266,0.1349,0.1401,0.068,0.1665,0.1971,0.2296,0.068,0.0298,0.021,0.0116,0.068,0.2977,0.4194,0.5823,2408.9241,0.1665
80,0.0664,0.3022,0.4175,0.5801,0.0664,0.1267,0.1346,0.1399,0.0664,0.1676,0.1966,0.2291,0.0664,0.0302,0.0209,0.0116,0.0664,0.3022,0.4175,0.5801,2407.6511,0.1676
81,0.0685,0.2992,0.418,0.582,0.0685,0.1269,0.1351,0.1404,0.0685,0.167,0.197,0.2297,0.0685,0.0299,0.0209,0.0116,0.0685,0.2992,0.418,0.582,2406.5323,0.167
82,0.0654,0.3002,0.42,0.5798,0.0654,0.1255,0.1338,0.139,0.0654,0.1663,0.1965,0.2284,0.0654,0.03,0.021,0.0116,0.0654,0.3002,0.42,0.5798,2405.4227,0.1663
83,0.0652,0.2945,0.4179,0.578,0.0652,0.1248,0.1333,0.1386,0.0652,0.1645,0.1956,0.2277,0.0652,0.0295,0.0209,0.0116,0.0652,0.2945,0.4179,0.578,2403.9254,0.1645
84,0.0674,0.2952,0.4184,0.5768,0.0674,0.1269,0.1354,0.1406,0.0674,0.1663,0.1974,0.229,0.0674,0.0295,0.0209,0.0115,0.0674,0.2952,0.4184,0.5768,2402.4427,0.1663
85,0.0669,0.301,0.4171,0.5818,0.0669,0.1262,0.1342,0.1396,0.0669,0.1669,0.1962,0.2292,0.0669,0.0301,0.0209,0.0116,0.0669,0.301,0.4171,0.5818,2401.9293,0.1669
86,0.0664,0.3008,0.4205,0.5795,0.0664,0.1259,0.1342,0.1393,0.0664,0.1667,0.1969,0.2286,0.0664,0.0301,0.021,0.0116,0.0664,0.3008,0.4205,0.5795,2400.5369,0.1667
87,0.0672,0.2997,0.4222,0.5829,0.0672,0.1273,0.1357,0.1408,0.0672,0.1676,0.1983,0.2303,0.0672,0.03,0.0211,0.0117,0.0672,0.2997,0.4222,0.5829,2399.4632,0.1676
88,0.0687,0.3018,0.4182,0.5796,0.0687,0.1277,0.1356,0.1408,0.0687,0.1682,0.1975,0.2297,0.0687,0.0302,0.0209,0.0116,0.0687,0.3018,0.4182,0.5796,2398.6524,0.1682
89,0.0664,0.3031,0.4199,0.5844,0.0664,0.1266,0.1346,0.1399,0.0664,0.1677,0.1971,0.2298,0.0664,0.0303,0.021,0.0117,0.0664,0.3031,0.4199,0.5844,2397.8815,0.1677
90,0.0667,0.2987,0.4202,0.5813,0.0667,0.1273,0.1357,0.1409,0.0667,0.1674,0.1981,0.2301,0.0667,0.0299,0.021,0.0116,0.0667,0.2987,0.4202,0.5813,2396.8662,0.1674
91,0.0659,0.2988,0.4207,0.5823,0.0659,0.1255,0.1338,0.139,0.0659,0.166,0.1966,0.2287,0.0659,0.0299,0.021,0.0116,0.0659,0.2988,0.4207,0.5823,2395.1385,0.166
92,0.0685,0.3003,0.4207,0.5833,0.0685,0.1282,0.1364,0.1417,0.0685,0.1683,0.1987,0.2311,0.0685,0.03,0.021,0.0117,0.0685,0.3003,0.4207,0.5833,2395.2268,0.1683
93,0.0682,0.298,0.4159,0.5815,0.0682,0.1281,0.1362,0.1416,0.0682,0.1678,0.1976,0.2306,0.0682,0.0298,0.0208,0.0116,0.0682,0.298,0.4159,0.5815,2393.6473,0.1678
94,0.0685,0.3033,0.4215,0.5856,0.0685,0.1283,0.1364,0.1417,0.0685,0.1691,0.1988,0.2315,0.0685,0.0303,0.0211,0.0117,0.0685,0.3033,0.4215,0.5856,2392.8376,0.1691
95,0.0677,0.3017,0.4189,0.5813,0.0677,0.1282,0.1362,0.1415,0.0677,0.1687,0.1983,0.2307,0.0677,0.0302,0.0209,0.0116,0.0677,0.3017,0.4189,0.5813,2391.8755,0.1687
96,0.0679,0.2998,0.4214,0.582,0.0679,0.1274,0.1357,0.1408,0.0679,0.1677,0.1982,0.2302,0.0679,0.03,0.0211,0.0116,0.0679,0.2998,0.4214,0.582,2390.9997,0.1677
97,0.0702,0.2998,0.4248,0.5829,0.0702,0.1286,0.1371,0.1422,0.0702,0.1685,0.2,0.2314,0.0702,0.03,0.0212,0.0117,0.0702,0.2998,0.4248,0.5829,2390.174,0.1685
98,0.0661,0.2998,0.4217,0.5815,0.0661,0.1269,0.1353,0.1405,0.0661,0.1673,0.1981,0.2299,0.0661,0.03,0.0211,0.0116,0.0661,0.2998,0.4217,0.5815,2389.093,0.1673
99,0.0692,0.3028,0.4238,0.5831,0.0692,0.1281,0.1363,0.1414,0.0692,0.1689,0.1992,0.2308,0.0692,0.0303,0.0212,0.0117,0.0692,0.3028,0.4238,0.5831,2387.9236,0.1689
100,0.069,0.3017,0.4205,0.5813,0.069,0.1288,0.1369,0.1421,0.069,0.1692,0.1991,0.231,0.069,0.0302,0.021,0.0116,0.069,0.3017,0.4205,0.5813,2387.104,0.1692
101,0.0685,0.3035,0.4179,0.5833,0.0685,0.1281,0.136,0.1413,0.0685,0.169,0.1978,0.2308,0.0685,0.0303,0.0209,0.0117,0.0685,0.3035,0.4179,0.5833,2386.3167,0.169
102,0.0704,0.3018,0.4177,0.5808,0.0704,0.1293,0.1373,0.1426,0.0704,0.1695,0.1988,0.2313,0.0704,0.0302,0.0209,0.0116,0.0704,0.3018,0.4177,0.5808,2385.2718,0.1695
103,0.0728,0.3031,0.4222,0.5821,0.0728,0.131,0.1391,0.1443,0.0728,0.1711,0.201,0.2329,0.0728,0.0303,0.0211,0.0116,0.0728,0.3031,0.4222,0.5821,2384.6051,0.1711
104,0.0702,0.2978,0.4222,0.581,0.0702,0.129,0.1375,0.1426,0.0702,0.1684,0.1997,0.2313,0.0702,0.0298,0.0211,0.0116,0.0702,0.2978,0.4222,0.581,2383.6606,0.1684
105,0.0689,0.3025,0.4215,0.5834,0.0689,0.1294,0.1375,0.1427,0.0689,0.1699,0.1998,0.232,0.0689,0.0302,0.0211,0.0117,0.0689,0.3025,0.4215,0.5834,2383.0586,0.1699
106,0.0679,0.2987,0.4187,0.5826,0.0679,0.1272,0.1354,0.1407,0.0679,0.1673,0.1975,0.2301,0.0679,0.0299,0.0209,0.0117,0.0679,0.2987,0.4187,0.5826,2381.5514,0.1673
107,0.0679,0.3056,0.4204,0.5831,0.0679,0.1292,0.1371,0.1423,0.0679,0.1704,0.1992,0.2316,0.0679,0.0306,0.021,0.0117,0.0679,0.3056,0.4204,0.5831,2380.9181,0.1704
108,0.0694,0.3007,0.4222,0.5866,0.0694,0.1292,0.1375,0.1428,0.0694,0.1693,0.1998,0.2325,0.0694,0.0301,0.0211,0.0117,0.0694,0.3007,0.4222,0.5866,2379.9225,0.1693
109,0.0679,0.3036,0.4207,0.5806,0.0679,0.1277,0.1357,0.1408,0.0679,0.1687,0.1981,0.23,0.0679,0.0304,0.021,0.0116,0.0679,0.3036,0.4207,0.5806,2379.3314,0.1687
110,0.0724,0.302,0.4227,0.5801,0.0724,0.1306,0.1389,0.144,0.0724,0.1706,0.2011,0.2324,0.0724,0.0302,0.0211,0.0116,0.0724,0.302,0.4227,0.5801,2378.4902,0.1706
111,0.0684,0.3015,0.4182,0.5808,0.0684,0.1279,0.1359,0.1411,0.0684,0.1684,0.1978,0.2301,0.0684,0.0301,0.0209,0.0116,0.0684,0.3015,0.4182,0.5808,2377.6745,0.1684
112,0.0679,0.3048,0.419,0.5818,0.0679,0.1297,0.1376,0.1428,0.0679,0.1707,0.1995,0.2319,0.0679,0.0305,0.021,0.0116,0.0679,0.3048,0.419,0.5818,2376.6969,0.1707
113,0.069,0.3017,0.4228,0.5836,0.069,0.128,0.1363,0.1415,0.069,0.1685,0.199,0.2309,0.069,0.0302,0.0211,0.0117,0.069,0.3017,0.4228,0.5836,2376.6113,0.1685
114,0.0684,0.3031,0.4179,0.5801,0.0684,0.1278,0.1357,0.1409,0.0684,0.1686,0.1976,0.2299,0.0684,0.0303,0.0209,0.0116,0.0684,0.3031,0.4179,0.5801,2375.072,0.1686
115,0.0705,0.3003,0.4194,0.582,0.0705,0.1296,0.1379,0.1432,0.0705,0.1695,0.1996,0.232,0.0705,0.03,0.021,0.0116,0.0705,0.3003,0.4194,0.582,2374.8295,0.1695
116,0.0694,0.3043,0.4207,0.5825,0.0694,0.1305,0.1384,0.1436,0.0694,0.1711,0.2004,0.2325,0.0694,0.0304,0.021,0.0116,0.0694,0.3043,0.4207,0.5825,2373.7747,0.1711
117,0.0707,0.3017,0.4204,0.5826,0.0707,0.13,0.1382,0.1434,0.0707,0.1701,0.2,0.2323,0.0707,0.0302,0.021,0.0117,0.0707,0.3017,0.4204,0.5826,2373.1635,0.1701
118,0.0697,0.3013,0.421,0.5823,0.0697,0.1296,0.1379,0.143,0.0697,0.1698,0.1999,0.232,0.0697,0.0301,0.0211,0.0116,0.0697,0.3013,0.421,0.5823,2372.5027,0.1698
119,0.0725,0.3035,0.4204,0.5823,0.0725,0.1311,0.139,0.1442,0.0725,0.1713,0.2006,0.2329,0.0725,0.0303,0.021,0.0116,0.0725,0.3035,0.4204,0.5823,2371.8441,0.1713
120,0.0679,0.3033,0.4171,0.581,0.0679,0.1284,0.1362,0.1415,0.0679,0.1693,0.1979,0.2305,0.0679,0.0303,0.0209,0.0116,0.0679,0.3033,0.4171,0.581,2371.1378,0.1693
121,0.0694,0.3,0.42,0.5806,0.0694,0.1284,0.1366,0.1418,0.0694,0.1685,0.1986,0.2306,0.0694,0.03,0.021,0.0116,0.0694,0.3,0.42,0.5806,2370.1309,0.1685
122,0.071,0.3045,0.4159,0.5776,0.071,0.1301,0.1378,0.1431,0.071,0.1707,0.1988,0.2312,0.071,0.0304,0.0208,0.0116,0.071,0.3045,0.4159,0.5776,2369.6896,0.1707
123,0.0697,0.299,0.4185,0.5776,0.0697,0.1288,0.1371,0.1422,0.0697,0.1686,0.1988,0.2304,0.0697,0.0299,0.0209,0.0116,0.0697,0.299,0.4185,0.5776,2368.3458,0.1686
124,0.0689,0.3017,0.4209,0.577,0.0689,0.129,0.1371,0.1422,0.0689,0.1693,0.1993,0.2304,0.0689,0.0302,0.021,0.0115,0.0689,0.3017,0.4209,0.577,2368.1016,0.1693
125,0.0702,0.3017,0.419,0.5806,0.0702,0.1301,0.1382,0.1434,0.0702,0.1702,0.1998,0.232,0.0702,0.0302,0.021,0.0116,0.0702,0.3017,0.419,0.5806,2367.8489,0.1702
126,0.0719,0.306,0.419,0.581,0.0719,0.1307,0.1383,0.1436,0.0719,0.1715,0.1999,0.2321,0.0719,0.0306,0.021,0.0116,0.0719,0.306,0.419,0.581,2366.9372,0.1715
127,0.0735,0.3018,0.4215,0.5836,0.0735,0.1316,0.1398,0.145,0.0735,0.1714,0.2015,0.2336,0.0735,0.0302,0.0211,0.0117,0.0735,0.3018,0.4215,0.5836,2365.8603,0.1714
128,0.074,0.302,0.4177,0.5752,0.074,0.1319,0.1399,0.145,0.074,0.1715,0.2007,0.2321,0.074,0.0302,0.0209,0.0115,0.074,0.302,0.4177,0.5752,2365.0569,0.1715
129,0.0727,0.3017,0.4214,0.5815,0.0727,0.1314,0.1395,0.1447,0.0727,0.1712,0.2012,0.233,0.0727,0.0302,0.0211,0.0116,0.0727,0.3017,0.4214,0.5815,2364.9213,0.1712
130,0.0745,0.2993,0.42,0.5768,0.0745,0.1324,0.1406,0.1457,0.0745,0.1714,0.2017,0.2329,0.0745,0.0299,0.021,0.0115,0.0745,0.2993,0.42,0.5768,2364.1979,0.1714
131,0.0733,0.3028,0.4179,0.5801,0.0733,0.1312,0.1391,0.1444,0.0733,0.1712,0.2002,0.2325,0.0733,0.0303,0.0209,0.0116,0.0733,0.3028,0.4179,0.5801,2363.7371,0.1712
132,0.0709,0.3043,0.4185,0.5788,0.0709,0.131,0.1388,0.1439,0.0709,0.1714,0.2001,0.232,0.0709,0.0304,0.0209,0.0116,0.0709,0.3043,0.4185,0.5788,2363.0301,0.1714
133,0.0755,0.3053,0.4171,0.5793,0.0755,0.1335,0.1411,0.1464,0.0755,0.1735,0.2017,0.234,0.0755,0.0305,0.0209,0.0116,0.0755,0.3053,0.4171,0.5793,2362.1365,0.1735
134,0.0725,0.301,0.4192,0.582,0.0725,0.1314,0.1396,0.1449,0.0725,0.171,0.2009,0.2334,0.0725,0.0301,0.021,0.0116,0.0725,0.301,0.4192,0.582,2361.5155,0.171
135,0.07,0.3031,0.4189,0.5757,0.07,0.1301,0.138,0.1431,0.07,0.1705,0.1996,0.2309,0.07,0.0303,0.0209,0.0115,0.07,0.3031,0.4189,0.5757,2361.2642,0.1705
136,0.0715,0.2988,0.4195,0.578,0.0715,0.131,0.1393,0.1444,0.0715,0.1702,0.2007,0.2323,0.0715,0.0299,0.021,0.0116,0.0715,0.2988,0.4195,0.578,2360.4473,0.1702
137,0.0737,0.3035,0.4227,0.5775,0.0737,0.1326,0.1408,0.1458,0.0737,0.1725,0.2025,0.2334,0.0737,0.0303,0.0211,0.0115,0.0737,0.3035,0.4227,0.5775,2359.3706,0.1725
138,0.072,0.3035,0.422,0.5798,0.072,0.131,0.1391,0.1442,0.072,0.1712,0.201,0.2324,0.072,0.0303,0.0211,0.0116,0.072,0.3035,0.422,0.5798,2359.1985,0.1712
139,0.0748,0.3005,0.4164,0.5801,0.0748,0.1327,0.1407,0.146,0.0748,0.1719,0.2012,0.2338,0.0748,0.03,0.0208,0.0116,0.0748,0.3005,0.4164,0.5801,2358.8081,0.1719
140,0.0753,0.3022,0.4169,0.5791,0.0753,0.1324,0.1403,0.1455,0.0753,0.1719,0.2008,0.2332,0.0753,0.0302,0.0208,0.0116,0.0753,0.3022,0.4169,0.5791,2357.6748,0.1719
141,0.073,0.3015,0.4179,0.5818,0.073,0.1317,0.1397,0.145,0.073,0.1713,0.2006,0.2333,0.073,0.0301,0.0209,0.0116,0.073,0.3015,0.4179,0.5818,2357.7117,0.1713
142,0.0727,0.3058,0.4167,0.5801,0.0727,0.1322,0.1398,0.1451,0.0727,0.1726,0.2005,0.2331,0.0727,0.0306,0.0208,0.0116,0.0727,0.3058,0.4167,0.5801,2356.7273,0.1726
143,0.0733,0.3007,0.4141,0.5801,0.0733,0.1314,0.1392,0.1447,0.0733,0.1709,0.1995,0.2328,0.0733,0.0301,0.0207,0.0116,0.0733,0.3007,0.4141,0.5801,2355.9897,0.1709
144,0.0717,0.3023,0.4159,0.5791,0.0717,0.1309,0.1387,0.144,0.0717,0.1709,0.1996,0.2321,0.0717,0.0302,0.0208,0.0116,0.0717,0.3023,0.4159,0.5791,2355.808,0.1709
145,0.0743,0.3007,0.4174,0.5823,0.0743,0.1322,0.1403,0.1456,0.0743,0.1715,0.201,0.2338,0.0743,0.0301,0.0209,0.0116,0.0743,0.3007,0.4174,0.5823,2355.115,0.1715
146,0.0748,0.303,0.4197,0.5811,0.0748,0.1322,0.1402,0.1454,0.0748,0.172,0.2014,0.2335,0.0748,0.0303,0.021,0.0116,0.0748,0.303,0.4197,0.5811,2354.8194,0.172
147,0.0735,0.3028,0.4212,0.5815,0.0735,0.1318,0.1399,0.145,0.0735,0.1717,0.2014,0.2333,0.0735,0.0303,0.0211,0.0116,0.0735,0.3028,0.4212,0.5815,2353.7792,0.1717
148,0.0745,0.301,0.4214,0.58,0.0745,0.1327,0.141,0.1462,0.0745,0.1721,0.2024,0.234,0.0745,0.0301,0.0211,0.0116,0.0745,0.301,0.4214,0.58,2353.5638,0.1721
149,0.0699,0.3008,0.4202,0.5772,0.0699,0.1298,0.1379,0.143,0.0699,0.1697,0.1997,0.231,0.0699,0.0301,0.021,0.0115,0.0699,0.3008,0.4202,0.5772,2353.1208,0.1697
150,0.0728,0.3038,0.418,0.5813,0.0728,0.1328,0.1406,0.1459,0.0728,0.1727,0.2015,0.234,0.0728,0.0304,0.0209,0.0116,0.0728,0.3038,0.418,0.5813,2352.5207,0.1727
151,0.0742,0.2992,0.4189,0.5791,0.0742,0.1325,0.1408,0.146,0.0742,0.1715,0.2017,0.2336,0.0742,0.0299,0.0209,0.0116,0.0742,0.2992,0.4189,0.5791,2351.5647,0.1715
152,0.0725,0.2988,0.4171,0.577,0.0725,0.1309,0.1391,0.1442,0.0725,0.1701,0.1999,0.2318,0.0725,0.0299,0.0209,0.0115,0.0725,0.2988,0.4171,0.577,2351.561,0.1701
153,0.0762,0.3015,0.4175,0.5795,0.0762,0.1341,0.1421,0.1474,0.0762,0.1732,0.2025,0.2348,0.0762,0.0301,0.0209,0.0116,0.0762,0.3015,0.4175,0.5795,2350.6732,0.1732
154,0.0733,0.3031,0.4175,0.5806,0.0733,0.1332,0.1411,0.1464,0.0733,0.173,0.2019,0.2344,0.0733,0.0303,0.0209,0.0116,0.0733,0.3031,0.4175,0.5806,2350.2988,0.173
155,0.0758,0.298,0.4156,0.5758,0.0758,0.1327,0.1408,0.146,0.0758,0.1713,0.2009,0.2329,0.0758,0.0298,0.0208,0.0115,0.0758,0.298,0.4156,0.5758,2349.2723,0.1713
156,0.0719,0.3012,0.4197,0.5801,0.0719,0.1324,0.1406,0.1457,0.0719,0.172,0.2018,0.2338,0.0719,0.0301,0.021,0.0116,0.0719,0.3012,0.4197,0.5801,2349.3344,0.172
157,0.0758,0.3025,0.4159,0.5805,0.0758,0.1337,0.1415,0.1468,0.0758,0.1731,0.2017,0.2345,0.0758,0.0302,0.0208,0.0116,0.0758,0.3025,0.4159,0.5805,2348.6967,0.1731
158,0.0738,0.304,0.4187,0.5786,0.0738,0.1339,0.1418,0.147,0.0738,0.1737,0.2026,0.2344,0.0738,0.0304,0.0209,0.0116,0.0738,0.304,0.4187,0.5786,2348.436,0.1737
159,0.0715,0.3018,0.4189,0.5773,0.0715,0.1322,0.1402,0.1452,0.0715,0.1719,0.2013,0.2327,0.0715,0.0302,0.0209,0.0115,0.0715,0.3018,0.4189,0.5773,2348.1444,0.1719
160,0.0753,0.3033,0.42,0.5788,0.0753,0.134,0.142,0.1472,0.0753,0.1736,0.203,0.2346,0.0753,0.0303,0.021,0.0116,0.0753,0.3033,0.42,0.5788,2347.2656,0.1736
161,0.0715,0.3013,0.4169,0.5801,0.0715,0.1312,0.1392,0.1444,0.0715,0.171,0.2001,0.2326,0.0715,0.0301,0.0208,0.0116,0.0715,0.3013,0.4169,0.5801,2346.7024,0.171
162,0.075,0.3017,0.4157,0.5825,0.075,0.134,0.1417,0.1471,0.075,0.1732,0.2019,0.2351,0.075,0.0302,0.0208,0.0116,0.075,0.3017,0.4157,0.5825,2346.4305,0.1732
163,0.073,0.2995,0.4174,0.5775,0.073,0.1319,0.14,0.1452,0.073,0.1711,0.2008,0.2327,0.073,0.03,0.0209,0.0115,0.073,0.2995,0.4174,0.5775,2345.9303,0.1711
164,0.075,0.3022,0.4174,0.5795,0.075,0.1338,0.1417,0.147,0.075,0.1731,0.2022,0.2345,0.075,0.0302,0.0209,0.0116,0.075,0.3022,0.4174,0.5795,2345.8004,0.1731
165,0.0719,0.304,0.419,0.5791,0.0719,0.1331,0.141,0.1462,0.0719,0.1731,0.2021,0.234,0.0719,0.0304,0.021,0.0116,0.0719,0.304,0.419,0.5791,2344.6388,0.1731
166,0.074,0.3023,0.4156,0.5785,0.074,0.1336,0.1414,0.1467,0.074,0.1731,0.2016,0.2341,0.074,0.0302,0.0208,0.0116,0.074,0.3023,0.4156,0.5785,2345.0504,0.1731
167,0.0752,0.2988,0.4175,0.5805,0.0752,0.1334,0.1416,0.1469,0.0752,0.1721,0.202,0.2345,0.0752,0.0299,0.0209,0.0116,0.0752,0.2988,0.4175,0.5805,2344.7042,0.1721
168,0.0732,0.3002,0.4159,0.5836,0.0732,0.1326,0.1405,0.1459,0.0732,0.1717,0.2009,0.2343,0.0732,0.03,0.0208,0.0117,0.0732,0.3002,0.4159,0.5836,2344.029,0.1717
169,0.0765,0.2995,0.4184,0.5793,0.0765,0.1339,0.1422,0.1474,0.0765,0.1726,0.2026,0.2347,0.0765,0.03,0.0209,0.0116,0.0765,0.2995,0.4184,0.5793,2342.9158,0.1726
170,0.0757,0.3007,0.418,0.579,0.0757,0.1343,0.1424,0.1476,0.0757,0.1732,0.2029,0.2349,0.0757,0.0301,0.0209,0.0116,0.0757,0.3007,0.418,0.579,2343.3709,0.1732
171,0.0743,0.3003,0.4171,0.5763,0.0743,0.1324,0.1404,0.1455,0.0743,0.1716,0.201,0.2327,0.0743,0.03,0.0209,0.0115,0.0743,0.3003,0.4171,0.5763,2342.4677,0.1716
172,0.0738,0.3022,0.4139,0.5783,0.0738,0.1328,0.1405,0.1459,0.0738,0.1724,0.2005,0.2334,0.0738,0.0302,0.0207,0.0116,0.0738,0.3022,0.4139,0.5783,2341.9982,0.1724
173,0.0753,0.2982,0.4141,0.5753,0.0753,0.1323,0.1403,0.1455,0.0753,0.171,0.2003,0.2324,0.0753,0.0298,0.0207,0.0115,0.0753,0.2982,0.4141,0.5753,2341.6671,0.171
174,0.0755,0.2978,0.4151,0.5765,0.0755,0.1334,0.1416,0.1468,0.0755,0.1719,0.2016,0.2338,0.0755,0.0298,0.0208,0.0115,0.0755,0.2978,0.4151,0.5765,2341.4943,0.1719
175,0.0762,0.3005,0.4169,0.5798,0.0762,0.1345,0.1425,0.1478,0.0762,0.1733,0.2027,0.2351,0.0762,0.03,0.0208,0.0116,0.0762,0.3005,0.4169,0.5798,2340.8379,0.1733
176,0.0719,0.3048,0.4177,0.5791,0.0719,0.1326,0.1403,0.1455,0.0719,0.1728,0.2012,0.2334,0.0719,0.0305,0.0209,0.0116,0.0719,0.3048,0.4177,0.5791,2340.0776,0.1728
177,0.0755,0.3002,0.418,0.5758,0.0755,0.1327,0.1408,0.1459,0.0755,0.1718,0.2015,0.2328,0.0755,0.03,0.0209,0.0115,0.0755,0.3002,0.418,0.5758,2339.7503,0.1718
178,0.0733,0.3033,0.4149,0.5785,0.0733,0.1327,0.1403,0.1457,0.0733,0.1726,0.2006,0.2333,0.0733,0.0303,0.0207,0.0116,0.0733,0.3033,0.4149,0.5785,2340.0014,0.1726
179,0.0757,0.303,0.4195,0.5783,0.0757,0.1333,0.1412,0.1463,0.0757,0.1728,0.202,0.2337,0.0757,0.0303,0.021,0.0116,0.0757,0.303,0.4195,0.5783,2339.8142,0.1728
180,0.075,0.3007,0.4169,0.5725,0.075,0.1332,0.1413,0.1463,0.075,0.1724,0.2017,0.2327,0.075,0.0301,0.0208,0.0115,0.075,0.3007,0.4169,0.5725,2339.1332,0.1724
181,0.0767,0.3068,0.4174,0.5773,0.0767,0.1358,0.1434,0.1486,0.0767,0.1757,0.2035,0.2355,0.0767,0.0307,0.0209,0.0115,0.0767,0.3068,0.4174,0.5773,2338.5374,0.1757
182,0.0743,0.2992,0.4144,0.5786,0.0743,0.1328,0.1408,0.146,0.0743,0.1717,0.2008,0.2335,0.0743,0.0299,0.0207,0.0116,0.0743,0.2992,0.4144,0.5786,2338.0942,0.1717
183,0.0735,0.3012,0.4154,0.58,0.0735,0.1327,0.1406,0.1459,0.0735,0.1721,0.2009,0.2337,0.0735,0.0301,0.0208,0.0116,0.0735,0.3012,0.4154,0.58,2337.7482,0.1721
184,0.0768,0.304,0.419,0.5801,0.0768,0.1358,0.1438,0.149,0.0768,0.1751,0.2042,0.2362,0.0768,0.0304,0.021,0.0116,0.0768,0.304,0.419,0.5801,2337.518,0.1751
185,0.0767,0.2977,0.4129,0.5801,0.0767,0.1334,0.1414,0.1468,0.0767,0.1718,0.2009,0.2342,0.0767,0.0298,0.0206,0.0116,0.0767,0.2977,0.4129,0.5801,2337.0497,0.1718
186,0.0732,0.3031,0.4152,0.5755,0.0732,0.1334,0.1411,0.1463,0.0732,0.1731,0.2013,0.2333,0.0732,0.0303,0.0208,0.0115,0.0732,0.3031,0.4152,0.5755,2336.7621,0.1731
187,0.0743,0.3013,0.4177,0.5821,0.0743,0.1338,0.1418,0.147,0.0743,0.173,0.2022,0.2349,0.0743,0.0301,0.0209,0.0116,0.0743,0.3013,0.4177,0.5821,2336.4025,0.173
188,0.0762,0.3023,0.4162,0.578,0.0762,0.1345,0.1422,0.1475,0.0762,0.1736,0.2023,0.2345,0.0762,0.0302,0.0208,0.0116,0.0762,0.3023,0.4162,0.578,2336.1709,0.1736
189,0.0747,0.3026,0.4166,0.5765,0.0747,0.1341,0.142,0.1472,0.0747,0.1735,0.2023,0.2343,0.0747,0.0303,0.0208,0.0115,0.0747,0.3026,0.4166,0.5765,2336.2134,0.1735
190,0.0743,0.3071,0.418,0.5775,0.0743,0.1351,0.1427,0.1479,0.0743,0.1753,0.2032,0.235,0.0743,0.0307,0.0209,0.0115,0.0743,0.3071,0.418,0.5775,2335.6074,0.1753
191,0.0728,0.3058,0.4162,0.5762,0.0728,0.1335,0.141,0.1462,0.0728,0.1737,0.2015,0.2334,0.0728,0.0306,0.0208,0.0115,0.0728,0.3058,0.4162,0.5762,2334.2593,0.1737
192,0.074,0.305,0.4164,0.5767,0.074,0.1329,0.1404,0.1456,0.074,0.173,0.2009,0.2328,0.074,0.0305,0.0208,0.0115,0.074,0.305,0.4164,0.5767,2334.6001,0.173
193,0.0748,0.302,0.418,0.5773,0.0748,0.1337,0.1416,0.1468,0.0748,0.173,0.2022,0.2339,0.0748,0.0302,0.0209,0.0115,0.0748,0.302,0.418,0.5773,2333.8864,0.173
194,0.0753,0.3071,0.4189,0.5775,0.0753,0.135,0.1427,0.1479,0.0753,0.1752,0.2034,0.235,0.0753,0.0307,0.0209,0.0115,0.0753,0.3071,0.4189,0.5775,2333.763,0.1752
195,0.0765,0.3036,0.4124,0.577,0.0765,0.1354,0.1428,0.1482,0.0765,0.1747,0.2021,0.235,0.0765,0.0304,0.0206,0.0115,0.0765,0.3036,0.4124,0.577,2333.3877,0.1747
196,0.0743,0.3015,0.4194,0.5768,0.0743,0.1332,0.1413,0.1463,0.0743,0.1726,0.2022,0.2335,0.0743,0.0301,0.021,0.0115,0.0743,0.3015,0.4194,0.5768,2333.4803,0.1726
197,0.0763,0.3013,0.4184,0.5781,0.0763,0.1342,0.1422,0.1472,0.0763,0.1732,0.2026,0.2343,0.0763,0.0301,0.0209,0.0116,0.0763,0.3013,0.4184,0.5781,2333.0318,0.1732
198,0.0755,0.3045,0.4162,0.5786,0.0755,0.1343,0.1419,0.1473,0.0755,0.174,0.2021,0.2346,0.0755,0.0304,0.0208,0.0116,0.0755,0.3045,0.4162,0.5786,2332.8952,0.174
199,0.0748,0.3026,0.4156,0.5763,0.0748,0.1343,0.1421,0.1473,0.0748,0.1736,0.2021,0.2342,0.0748,0.0303,0.0208,0.0115,0.0748,0.3026,0.4156,0.5763,2332.0979,0.1736
200,0.0745,0.3007,0.4172,0.5791,0.0745,0.1333,0.1413,0.1465,0.0745,0.1724,0.2017,0.2339,0.0745,0.0301,0.0209,0.0116,0.0745,0.3007,0.4172,0.5791,2332.0317,0.1724
201,0.0745,0.3056,0.4156,0.5765,0.0745,0.1344,0.1419,0.1471,0.0745,0.1744,0.202,0.234,0.0745,0.0306,0.0208,0.0115,0.0745,0.3056,0.4156,0.5765,2331.7881,0.1744
202,0.0738,0.302,0.4161,0.579,0.0738,0.1338,0.1416,0.1468,0.0738,0.1731,0.2018,0.2342,0.0738,0.0302,0.0208,0.0116,0.0738,0.302,0.4161,0.579,2331.2854,0.1731
203,0.0785,0.3023,0.4174,0.578,0.0785,0.1357,0.1436,0.1487,0.0785,0.1746,0.2035,0.2355,0.0785,0.0302,0.0209,0.0116,0.0785,0.3023,0.4174,0.578,2331.0121,0.1746
204,0.0758,0.3002,0.4147,0.575,0.0758,0.1344,0.1422,0.1475,0.0758,0.1731,0.2019,0.234,0.0758,0.03,0.0207,0.0115,0.0758,0.3002,0.4147,0.575,2330.6947,0.1731
205,0.0724,0.2977,0.4144,0.5752,0.0724,0.1316,0.1397,0.1449,0.0724,0.1705,0.2,0.2321,0.0724,0.0298,0.0207,0.0115,0.0724,0.2977,0.4144,0.5752,2330.568,0.1705
206,0.0772,0.3079,0.4164,0.5788,0.0772,0.1361,0.1434,0.1487,0.0772,0.1762,0.2034,0.2358,0.0772,0.0308,0.0208,0.0116,0.0772,0.3079,0.4164,0.5788,2330.1203,0.1762
207,0.0737,0.3018,0.4162,0.5776,0.0737,0.1335,0.1414,0.1466,0.0737,0.1729,0.2017,0.2339,0.0737,0.0302,0.0208,0.0116,0.0737,0.3018,0.4162,0.5776,2329.7232,0.1729
208,0.073,0.3013,0.4151,0.5823,0.073,0.1324,0.1402,0.1456,0.073,0.1719,0.2006,0.2338,0.073,0.0301,0.0208,0.0116,0.073,0.3013,0.4151,0.5823,2329.8009,0.1719
209,0.0717,0.3025,0.4152,0.5791,0.0717,0.131,0.1387,0.1439,0.0717,0.171,0.1993,0.2318,0.0717,0.0302,0.0208,0.0116,0.0717,0.3025,0.4152,0.5791,2329.3988,0.171
210,0.0758,0.299,0.4094,0.5783,0.0758,0.1342,0.1419,0.1473,0.0758,0.1727,0.2007,0.2343,0.0758,0.0299,0.0205,0.0116,0.0758,0.299,0.4094,0.5783,2328.9963,0.1727
211,0.0743,0.3023,0.4157,0.5747,0.0743,0.1334,0.1412,0.1464,0.0743,0.1729,0.2015,0.2332,0.0743,0.0302,0.0208,0.0115,0.0743,0.3023,0.4157,0.5747,2328.9444,0.1729
212,0.0758,0.3013,0.4132,0.5783,0.0758,0.1345,0.1422,0.1475,0.0758,0.1734,0.2017,0.2345,0.0758,0.0301,0.0207,0.0116,0.0758,0.3013,0.4132,0.5783,2328.8456,0.1734
213,0.0745,0.3055,0.4162,0.5791,0.0745,0.1345,0.1421,0.1474,0.0745,0.1744,0.2024,0.2348,0.0745,0.0305,0.0208,0.0116,0.0745,0.3055,0.4162,0.5791,2328.5572,0.1744
214,0.076,0.3007,0.4169,0.5811,0.076,0.1345,0.1425,0.1477,0.076,0.1734,0.2026,0.2352,0.076,0.0301,0.0208,0.0116,0.076,0.3007,0.4169,0.5811,2328.7305,0.1734
215,0.0752,0.2987,0.4129,0.5767,0.0752,0.1334,0.1413,0.1466,0.0752,0.1721,0.2009,0.2336,0.0752,0.0299,0.0206,0.0115,0.0752,0.2987,0.4129,0.5767,2328.309,0.1721
216,0.076,0.3002,0.4129,0.576,0.076,0.1342,0.142,0.1473,0.076,0.173,0.2015,0.234,0.076,0.03,0.0206,0.0115,0.076,0.3002,0.4129,0.576,2328.385,0.173
217,0.0748,0.2997,0.4134,0.5724,0.0748,0.133,0.1409,0.146,0.0748,0.172,0.2007,0.2324,0.0748,0.03,0.0207,0.0114,0.0748,0.2997,0.4134,0.5724,2327.4021,0.172
218,0.0752,0.302,0.4116,0.5767,0.0752,0.1341,0.1417,0.147,0.0752,0.1734,0.201,0.2339,0.0752,0.0302,0.0206,0.0115,0.0752,0.302,0.4116,0.5767,2326.9928,0.1734
219,0.0763,0.299,0.4151,0.5767,0.0763,0.1346,0.1426,0.1479,0.0763,0.1731,0.2023,0.2346,0.0763,0.0299,0.0208,0.0115,0.0763,0.299,0.4151,0.5767,2327.1559,0.1731
220,0.0753,0.3013,0.4162,0.577,0.0753,0.1335,0.1414,0.1466,0.0753,0.1727,0.2017,0.2336,0.0753,0.0301,0.0208,0.0115,0.0753,0.3013,0.4162,0.577,2326.4676,0.1727
221,0.076,0.3033,0.4169,0.5767,0.076,0.1353,0.1432,0.1484,0.076,0.1746,0.2033,0.2352,0.076,0.0303,0.0208,0.0115,0.076,0.3033,0.4169,0.5767,2326.7618,0.1746
222,0.0752,0.3022,0.4156,0.5772,0.0752,0.1342,0.142,0.1472,0.0752,0.1735,0.2021,0.2342,0.0752,0.0302,0.0208,0.0115,0.0752,0.3022,0.4156,0.5772,2326.0912,0.1735
223,0.0778,0.3048,0.4159,0.579,0.0778,0.1363,0.1439,0.1492,0.0778,0.1757,0.2037,0.2361,0.0778,0.0305,0.0208,0.0116,0.0778,0.3048,0.4159,0.579,2325.5709,0.1757
224,0.0737,0.3018,0.4137,0.5752,0.0737,0.1327,0.1405,0.1457,0.0737,0.1722,0.2005,0.2326,0.0737,0.0302,0.0207,0.0115,0.0737,0.3018,0.4137,0.5752,2325.4971,0.1722
225,0.077,0.3026,0.4127,0.5781,0.077,0.1343,0.142,0.1473,0.077,0.1736,0.2014,0.2343,0.077,0.0303,0.0206,0.0116,0.077,0.3026,0.4127,0.5781,2325.7651,0.1736
226,0.0748,0.3013,0.4139,0.5775,0.0748,0.1342,0.1419,0.1471,0.0748,0.1732,0.2016,0.2341,0.0748,0.0301,0.0207,0.0115,0.0748,0.3013,0.4139,0.5775,2325.2799,0.1732
227,0.0775,0.3015,0.4159,0.5755,0.0775,0.1348,0.1427,0.1478,0.0775,0.1737,0.2026,0.2343,0.0775,0.0301,0.0208,0.0115,0.0775,0.3015,0.4159,0.5755,2325.2556,0.1737
228,0.0793,0.3051,0.4142,0.5803,0.0793,0.137,0.1445,0.1499,0.0793,0.1762,0.2038,0.2368,0.0793,0.0305,0.0207,0.0116,0.0793,0.3051,0.4142,0.5803,2324.4212,0.1762
229,0.0765,0.302,0.4139,0.5743,0.0765,0.1351,0.1429,0.1481,0.0765,0.1741,0.2024,0.2344,0.0765,0.0302,0.0207,0.0115,0.0765,0.302,0.4139,0.5743,2324.8093,0.1741
230,0.0788,0.3048,0.4179,0.5788,0.0788,0.1372,0.1449,0.15,0.0788,0.1763,0.2047,0.2367,0.0788,0.0305,0.0209,0.0116,0.0788,0.3048,0.4179,0.5788,2324.454,0.1763
231,0.0753,0.3023,0.4129,0.5763,0.0753,0.1342,0.1418,0.147,0.0753,0.1735,0.2013,0.2338,0.0753,0.0302,0.0206,0.0115,0.0753,0.3023,0.4129,0.5763,2324.3751,0.1735
232,0.0738,0.3026,0.4131,0.578,0.0738,0.1343,0.1419,0.1473,0.0738,0.1737,0.2016,0.2344,0.0738,0.0303,0.0207,0.0116,0.0738,0.3026,0.4131,0.578,2324.1802,0.1737
233,0.075,0.3033,0.4129,0.5781,0.075,0.1346,0.1421,0.1475,0.075,0.174,0.2017,0.2346,0.075,0.0303,0.0206,0.0116,0.075,0.3033,0.4129,0.5781,2323.7897,0.174
234,0.0763,0.3036,0.4131,0.5753,0.0763,0.1353,0.1428,0.1481,0.0763,0.1746,0.2022,0.2346,0.0763,0.0304,0.0207,0.0115,0.0763,0.3036,0.4131,0.5753,2323.545,0.1746
235,0.0775,0.3017,0.4142,0.5783,0.0775,0.1356,0.1434,0.1487,0.0775,0.1744,0.2028,0.2355,0.0775,0.0302,0.0207,0.0116,0.0775,0.3017,0.4142,0.5783,2323.1436,0.1744
236,0.074,0.3043,0.4136,0.575,0.074,0.1341,0.1417,0.1469,0.074,0.1739,0.2015,0.2337,0.074,0.0304,0.0207,0.0115,0.074,0.3043,0.4136,0.575,2323.2128,0.1739
237,0.0781,0.3013,0.4139,0.576,0.0781,0.1362,0.144,0.1492,0.0781,0.1748,0.2032,0.2355,0.0781,0.0301,0.0207,0.0115,0.0781,0.3013,0.4139,0.576,2323.4664,0.1748
238,0.0758,0.3051,0.4137,0.5767,0.0758,0.1356,0.1431,0.1484,0.0758,0.1753,0.2027,0.2351,0.0758,0.0305,0.0207,0.0115,0.0758,0.3051,0.4137,0.5767,2323.2898,0.1753
239,0.0752,0.3046,0.4166,0.577,0.0752,0.1348,0.1425,0.1477,0.0752,0.1745,0.2027,0.2346,0.0752,0.0305,0.0208,0.0115,0.0752,0.3046,0.4166,0.577,2322.5307,0.1745
240,0.0758,0.3022,0.4152,0.5752,0.0758,0.1357,0.1434,0.1486,0.0758,0.1747,0.2031,0.2349,0.0758,0.0302,0.0208,0.0115,0.0758,0.3022,0.4152,0.5752,2322.8085,0.1747
241,0.0775,0.3025,0.4161,0.5755,0.0775,0.136,0.1438,0.1489,0.0775,0.1749,0.2035,0.2352,0.0775,0.0302,0.0208,0.0115,0.0775,0.3025,0.4161,0.5755,2322.4361,0.1749
242,0.074,0.3015,0.4124,0.5737,0.074,0.1343,0.1418,0.147,0.074,0.1734,0.2013,0.2334,0.074,0.0301,0.0206,0.0115,0.074,0.3015,0.4124,0.5737,2322.2857,0.1734
243,0.0778,0.3033,0.4164,0.5768,0.0778,0.1366,0.1444,0.1495,0.0778,0.1755,0.2041,0.236,0.0778,0.0303,0.0208,0.0115,0.0778,0.3033,0.4164,0.5768,2322.091,0.1755
244,0.076,0.3043,0.4157,0.5758,0.076,0.1346,0.1423,0.1474,0.076,0.1742,0.2023,0.2341,0.076,0.0304,0.0208,0.0115,0.076,0.3043,0.4157,0.5758,2321.4097,0.1742
245,0.0773,0.3045,0.4159,0.5765,0.0773,0.1362,0.1439,0.149,0.0773,0.1756,0.2037,0.2356,0.0773,0.0304,0.0208,0.0115,0.0773,0.3045,0.4159,0.5765,2321.6302,0.1756
246,0.0773,0.3043,0.4137,0.5772,0.0773,0.1353,0.1429,0.1482,0.0773,0.1747,0.2025,0.235,0.0773,0.0304,0.0207,0.0115,0.0773,0.3043,0.4137,0.5772,2320.9885,0.1747
247,0.0767,0.3015,0.4182,0.5786,0.0767,0.1362,0.1442,0.1493,0.0767,0.1749,0.2043,0.2362,0.0767,0.0301,0.0209,0.0116,0.0767,0.3015,0.4182,0.5786,2320.9171,0.1749
248,0.0793,0.3026,0.4132,0.576,0.0793,0.137,0.1446,0.1499,0.0793,0.1758,0.2036,0.236,0.0793,0.0303,0.0207,0.0115,0.0793,0.3026,0.4132,0.576,2321.2591,0.1758
249,0.0796,0.3022,0.4124,0.5747,0.0796,0.1376,0.1452,0.1504,0.0796,0.1761,0.2039,0.2362,0.0796,0.0302,0.0206,0.0115,0.0796,0.3022,0.4124,0.5747,2320.612,0.1761
250,0.0776,0.3008,0.4177,0.5785,0.0776,0.1361,0.1441,0.1492,0.0776,0.1746,0.2041,0.2359,0.0776,0.0301,0.0209,0.0116,0.0776,0.3008,0.4177,0.5785,2320.8727,0.1746
251,0.0773,0.3018,0.4162,0.5758,0.0773,0.1362,0.144,0.1491,0.0773,0.175,0.2037,0.2355,0.0773,0.0302,0.0208,0.0115,0.0773,0.3018,0.4162,0.5758,2319.922,0.175
252,0.077,0.3076,0.4152,0.5786,0.077,0.1365,0.1439,0.1491,0.077,0.1764,0.2036,0.236,0.077,0.0308,0.0208,0.0116,0.077,0.3076,0.4152,0.5786,2320.1507,0.1764
253,0.0768,0.3036,0.4147,0.5767,0.0768,0.1361,0.1438,0.149,0.0768,0.1753,0.2033,0.2356,0.0768,0.0304,0.0207,0.0115,0.0768,0.3036,0.4147,0.5767,2320.2033,0.1753
254,0.0773,0.301,0.4141,0.576,0.0773,0.1353,0.1431,0.1483,0.0773,0.174,0.2025,0.2347,0.0773,0.0301,0.0207,0.0115,0.0773,0.301,0.4141,0.576,2320.0781,0.174
255,0.0775,0.3015,0.4123,0.5737,0.0775,0.1362,0.1438,0.1489,0.0775,0.1748,0.2027,0.2348,0.0775,0.0301,0.0206,0.0115,0.0775,0.3015,0.4123,0.5737,2319.9581,0.1748
256,0.08,0.3038,0.4147,0.5796,0.08,0.1377,0.1453,0.1506,0.08,0.1765,0.2044,0.2372,0.08,0.0304,0.0207,0.0116,0.08,0.3038,0.4147,0.5796,2319.7533,0.1765
257,0.0772,0.3025,0.4124,0.5757,0.0772,0.1355,0.1431,0.1483,0.0772,0.1745,0.2023,0.2348,0.0772,0.0302,0.0206,0.0115,0.0772,0.3025,0.4124,0.5757,2319.3409,0.1745
258,0.0763,0.3005,0.4131,0.5755,0.0763,0.1355,0.1433,0.1485,0.0763,0.1741,0.2026,0.2348,0.0763,0.03,0.0207,0.0115,0.0763,0.3005,0.4131,0.5755,2319.1823,0.1741
259,0.0762,0.3026,0.4152,0.5738,0.0762,0.1349,0.1427,0.1478,0.0762,0.1741,0.2025,0.2342,0.0762,0.0303,0.0208,0.0115,0.0762,0.3026,0.4152,0.5738,2319.4724,0.1741
260,0.0788,0.3036,0.4152,0.579,0.0788,0.1373,0.1449,0.1502,0.0788,0.1762,0.2043,0.2368,0.0788,0.0304,0.0208,0.0116,0.0788,0.3036,0.4152,0.579,2319.0823,0.1762
261,0.0753,0.3023,0.4144,0.577,0.0753,0.1348,0.1426,0.1478,0.0753,0.174,0.2023,0.2346,0.0753,0.0302,0.0207,0.0115,0.0753,0.3023,0.4144,0.577,2319.0736,0.174
262,0.0772,0.3025,0.4131,0.5737,0.0772,0.1358,0.1435,0.1486,0.0772,0.1748,0.2027,0.2347,0.0772,0.0302,0.0207,0.0115,0.0772,0.3025,0.4131,0.5737,2318.4629,0.1748
263,0.0758,0.3046,0.4119,0.574,0.0758,0.1351,0.1425,0.1477,0.0758,0.1748,0.2018,0.234,0.0758,0.0305,0.0206,0.0115,0.0758,0.3046,0.4119,0.574,2318.0571,0.1748
264,0.0783,0.3022,0.4142,0.574,0.0783,0.137,0.1447,0.1499,0.0783,0.1756,0.2039,0.2357,0.0783,0.0302,0.0207,0.0115,0.0783,0.3022,0.4142,0.574,2318.4985,0.1756
265,0.079,0.3066,0.4124,0.5758,0.079,0.138,0.1452,0.1505,0.079,0.1774,0.204,0.2366,0.079,0.0307,0.0206,0.0115,0.079,0.3066,0.4124,0.5758,2318.213,0.1774
266,0.078,0.3015,0.4167,0.573,0.078,0.1359,0.1439,0.1489,0.078,0.1746,0.2037,0.2347,0.078,0.0301,0.0208,0.0115,0.078,0.3015,0.4167,0.573,2318.4075,0.1746
267,0.0778,0.3023,0.4127,0.5747,0.0778,0.1362,0.1438,0.1491,0.0778,0.175,0.203,0.2352,0.0778,0.0302,0.0206,0.0115,0.0778,0.3023,0.4127,0.5747,2318.1608,0.175
268,0.0768,0.3026,0.4162,0.575,0.0768,0.1357,0.1435,0.1486,0.0768,0.1747,0.2033,0.2349,0.0768,0.0303,0.0208,0.0115,0.0768,0.3026,0.4162,0.575,2318.1795,0.1747
269,0.0772,0.301,0.4152,0.5765,0.0772,0.1357,0.1435,0.1487,0.0772,0.1743,0.2032,0.2352,0.0772,0.0301,0.0208,0.0115,0.0772,0.301,0.4152,0.5765,2318.2561,0.1743
270,0.0778,0.3017,0.4152,0.5755,0.0778,0.1365,0.1443,0.1494,0.0778,0.1752,0.2038,0.2356,0.0778,0.0302,0.0208,0.0115,0.0778,0.3017,0.4152,0.5755,2318.1193,0.1752
271,0.0781,0.3008,0.4114,0.5742,0.0781,0.1353,0.1429,0.1481,0.0781,0.1739,0.2018,0.2342,0.0781,0.0301,0.0206,0.0115,0.0781,0.3008,0.4114,0.5742,2317.3659,0.1739
272,0.0775,0.303,0.4154,0.5767,0.0775,0.1362,0.1439,0.1491,0.0775,0.1752,0.2036,0.2357,0.0775,0.0303,0.0208,0.0115,0.0775,0.303,0.4154,0.5767,2317.533,0.1752
273,0.0783,0.3036,0.4129,0.5743,0.0783,0.1376,0.1451,0.1503,0.0783,0.1764,0.204,0.2361,0.0783,0.0304,0.0206,0.0115,0.0783,0.3036,0.4129,0.5743,2317.6452,0.1764
274,0.0776,0.3025,0.4116,0.5753,0.0776,0.1354,0.1429,0.1482,0.0776,0.1745,0.2019,0.2346,0.0776,0.0302,0.0206,0.0115,0.0776,0.3025,0.4116,0.5753,2316.7855,0.1745
275,0.0765,0.3003,0.4156,0.5743,0.0765,0.1349,0.1428,0.1479,0.0765,0.1736,0.2026,0.2342,0.0765,0.03,0.0208,0.0115,0.0765,0.3003,0.4156,0.5743,2317.2628,0.1736
276,0.0793,0.3018,0.4167,0.5752,0.0793,0.1372,0.1451,0.1502,0.0793,0.1756,0.2046,0.2361,0.0793,0.0302,0.0208,0.0115,0.0793,0.3018,0.4167,0.5752,2317.2088,0.1756
277,0.0791,0.305,0.4136,0.5778,0.0791,0.1366,0.1441,0.1494,0.0791,0.1758,0.2032,0.2359,0.0791,0.0305,0.0207,0.0116,0.0791,0.305,0.4136,0.5778,2317.1273,0.1758
278,0.0755,0.304,0.4114,0.5767,0.0755,0.1354,0.1429,0.1482,0.0755,0.1749,0.2021,0.235,0.0755,0.0304,0.0206,0.0115,0.0755,0.304,0.4114,0.5767,2317.0289,0.1749
279,0.0806,0.3031,0.4118,0.5757,0.0806,0.1376,0.1451,0.1504,0.0806,0.1762,0.2037,0.2363,0.0806,0.0303,0.0206,0.0115,0.0806,0.3031,0.4118,0.5757,2316.6851,0.1762
280,0.0767,0.3053,0.4157,0.5732,0.0767,0.1351,0.1427,0.1478,0.0767,0.1749,0.2027,0.234,0.0767,0.0305,0.0208,0.0115,0.0767,0.3053,0.4157,0.5732,2317.027,0.1749
281,0.0743,0.3007,0.4106,0.5747,0.0743,0.1335,0.1412,0.1465,0.0743,0.1726,0.2005,0.2332,0.0743,0.0301,0.0205,0.0115,0.0743,0.3007,0.4106,0.5747,2317.0361,0.1726
282,0.0747,0.303,0.418,0.5767,0.0747,0.1343,0.1422,0.1472,0.0747,0.1738,0.2027,0.2342,0.0747,0.0303,0.0209,0.0115,0.0747,0.303,0.418,0.5767,2316.5338,0.1738
283,0.0767,0.3045,0.4159,0.5763,0.0767,0.1367,0.1443,0.1494,0.0767,0.1759,0.204,0.2357,0.0767,0.0304,0.0208,0.0115,0.0767,0.3045,0.4159,0.5763,2316.4751,0.1759
284,0.0785,0.3005,0.4157,0.5732,0.0785,0.1365,0.1444,0.1494,0.0785,0.1748,0.2038,0.2351,0.0785,0.03,0.0208,0.0115,0.0785,0.3005,0.4157,0.5732,2315.9173,0.1748
285,0.0775,0.3025,0.4156,0.5735,0.0775,0.1358,0.1436,0.1487,0.0775,0.1748,0.2033,0.2347,0.0775,0.0302,0.0208,0.0115,0.0775,0.3025,0.4156,0.5735,2316.0282,0.1748
286,0.0783,0.3073,0.4124,0.577,0.0783,0.1375,0.1448,0.1501,0.0783,0.1772,0.2038,0.2365,0.0783,0.0307,0.0206,0.0115,0.0783,0.3073,0.4124,0.577,2315.9946,0.1772
287,0.0762,0.3012,0.4121,0.573,0.0762,0.1354,0.143,0.1483,0.0762,0.1742,0.2022,0.2343,0.0762,0.0301,0.0206,0.0115,0.0762,0.3012,0.4121,0.573,2316.4807,0.1742
288,0.0748,0.2993,0.4096,0.5719,0.0748,0.1342,0.142,0.1472,0.0748,0.1729,0.2009,0.2333,0.0748,0.0299,0.0205,0.0114,0.0748,0.2993,0.4096,0.5719,2315.9634,0.1729
289,0.0778,0.3015,0.4137,0.5762,0.0778,0.1355,0.1433,0.1485,0.0778,0.1743,0.2027,0.235,0.0778,0.0301,0.0207,0.0115,0.0778,0.3015,0.4137,0.5762,2316.1847,0.1743
290,0.0776,0.3035,0.4129,0.5763,0.0776,0.136,0.1436,0.1488,0.0776,0.1751,0.2027,0.2352,0.0776,0.0303,0.0206,0.0115,0.0776,0.3035,0.4129,0.5763,2315.7811,0.1751
291,0.0757,0.3038,0.4121,0.5763,0.0757,0.1356,0.1431,0.1483,0.0757,0.175,0.2023,0.2349,0.0757,0.0304,0.0206,0.0115,0.0757,0.3038,0.4121,0.5763,2315.8113,0.175
292,0.0743,0.3008,0.4164,0.5742,0.0743,0.134,0.142,0.147,0.0743,0.1731,0.2022,0.2336,0.0743,0.0301,0.0208,0.0115,0.0743,0.3008,0.4164,0.5742,2315.6175,0.1731
293,0.0757,0.3061,0.4152,0.5778,0.0757,0.1365,0.144,0.1493,0.0757,0.1762,0.2037,0.2361,0.0757,0.0306,0.0208,0.0116,0.0757,0.3061,0.4152,0.5778,2315.5894,0.1762
294,0.0757,0.2982,0.4151,0.57,0.0757,0.1343,0.1424,0.1473,0.0757,0.1727,0.2022,0.233,0.0757,0.0298,0.0208,0.0114,0.0757,0.2982,0.4151,0.57,2315.6225,0.1727
295,0.0755,0.3045,0.4132,0.5742,0.0755,0.1345,0.1419,0.1471,0.0755,0.1742,0.2015,0.2335,0.0755,0.0304,0.0207,0.0115,0.0755,0.3045,0.4132,0.5742,2315.7158,0.1742
296,0.0775,0.3045,0.4126,0.5702,0.0775,0.1366,0.1441,0.1491,0.0775,0.1758,0.2031,0.2344,0.0775,0.0304,0.0206,0.0114,0.0775,0.3045,0.4126,0.5702,2315.4866,0.1758
297,0.0758,0.304,0.4131,0.573,0.0758,0.1355,0.143,0.1481,0.0758,0.1749,0.2023,0.2342,0.0758,0.0304,0.0207,0.0115,0.0758,0.304,0.4131,0.573,2315.5056,0.1749
298,0.0768,0.302,0.4126,0.5715,0.0768,0.1354,0.143,0.1481,0.0768,0.1743,0.2022,0.2339,0.0768,0.0302,0.0206,0.0114,0.0768,0.302,0.4126,0.5715,2315.2362,0.1743
299,0.0778,0.3022,0.4159,0.575,0.0778,0.1367,0.1444,0.1496,0.0778,0.1754,0.204,0.2356,0.0778,0.0302,0.0208,0.0115,0.0778,0.3022,0.4159,0.575,2315.4885,0.1754
300,0.0763,0.3026,0.4134,0.5724,0.0763,0.1361,0.1437,0.1488,0.0763,0.1751,0.203,0.2347,0.0763,0.0303,0.0207,0.0114,0.0763,0.3026,0.4134,0.5724,2315.2152,0.1751
301,0.0763,0.3023,0.4144,0.5737,0.0763,0.1355,0.1432,0.1483,0.0763,0.1745,0.2028,0.2344,0.0763,0.0302,0.0207,0.0115,0.0763,0.3023,0.4144,0.5737,2314.7475,0.1745
302,0.0765,0.2992,0.4137,0.5753,0.0765,0.1355,0.1434,0.1485,0.0765,0.1739,0.2027,0.2348,0.0765,0.0299,0.0207,0.0115,0.0765,0.2992,0.4137,0.5753,2314.9484,0.1739
303,0.0783,0.3023,0.4131,0.5709,0.0783,0.1359,0.1435,0.1486,0.0783,0.1747,0.2026,0.2341,0.0783,0.0302,0.0207,0.0114,0.0783,0.3023,0.4131,0.5709,2315.0981,0.1747
304,0.0795,0.3008,0.4149,0.5742,0.0795,0.1368,0.1447,0.1498,0.0795,0.1751,0.2039,0.2356,0.0795,0.0301,0.0207,0.0115,0.0795,0.3008,0.4149,0.5742,2314.426,0.1751
305,0.075,0.3028,0.4149,0.5737,0.075,0.1354,0.143,0.1481,0.075,0.1746,0.2027,0.2343,0.075,0.0303,0.0207,0.0115,0.075,0.3028,0.4149,0.5737,2314.7015,0.1746
306,0.0772,0.3055,0.4139,0.577,0.0772,0.1368,0.1442,0.1494,0.0772,0.1763,0.2036,0.236,0.0772,0.0305,0.0207,0.0115,0.0772,0.3055,0.4139,0.577,2314.8116,0.1763
307,0.0788,0.3017,0.4159,0.5738,0.0788,0.1377,0.1456,0.1507,0.0788,0.1761,0.205,0.2364,0.0788,0.0302,0.0208,0.0115,0.0788,0.3017,0.4159,0.5738,2314.9193,0.1761
308,0.0765,0.3025,0.4146,0.5738,0.0765,0.1353,0.1431,0.1483,0.0765,0.1744,0.2028,0.2345,0.0765,0.0302,0.0207,0.0115,0.0765,0.3025,0.4146,0.5738,2314.3198,0.1744
309,0.0745,0.3035,0.4149,0.573,0.0745,0.1348,0.1425,0.1475,0.0745,0.1742,0.2023,0.2338,0.0745,0.0303,0.0207,0.0115,0.0745,0.3035,0.4149,0.573,2314.4889,0.1742
310,0.0753,0.3013,0.4136,0.5753,0.0753,0.1345,0.1422,0.1474,0.0753,0.1735,0.2018,0.234,0.0753,0.0301,0.0207,0.0115,0.0753,0.3013,0.4136,0.5753,2314.7039,0.1735
311,0.0748,0.3031,0.4157,0.5722,0.0748,0.1352,0.143,0.148,0.0748,0.1745,0.2029,0.2341,0.0748,0.0303,0.0208,0.0114,0.0748,0.3031,0.4157,0.5722,2314.4538,0.1745
312,0.0772,0.303,0.4172,0.5755,0.0772,0.1372,0.1451,0.1501,0.0772,0.1761,0.2048,0.2363,0.0772,0.0303,0.0209,0.0115,0.0772,0.303,0.4172,0.5755,2314.4382,0.1761
313,0.074,0.3048,0.4129,0.5692,0.074,0.1341,0.1415,0.1465,0.074,0.174,0.2012,0.2323,0.074,0.0305,0.0206,0.0114,0.074,0.3048,0.4129,0.5692,2314.371,0.174
314,0.0778,0.302,0.4141,0.572,0.0778,0.1362,0.1439,0.149,0.0778,0.175,0.2032,0.2346,0.0778,0.0302,0.0207,0.0114,0.0778,0.302,0.4141,0.572,2313.715,0.175
315,0.078,0.3018,0.4185,0.5747,0.078,0.136,0.144,0.1489,0.078,0.1747,0.2041,0.2351,0.078,0.0302,0.0209,0.0115,0.078,0.3018,0.4185,0.5747,2314.4178,0.1747
316,0.0778,0.3038,0.4177,0.5737,0.0778,0.1376,0.1455,0.1505,0.0778,0.1765,0.2053,0.2363,0.0778,0.0304,0.0209,0.0115,0.0778,0.3038,0.4177,0.5737,2313.9027,0.1765
